{"cameraMode":{"drawMode":0,"name":"Shaded","section":"Shading Mode"},"sceneLighting":false,"audioPlay":false,"sceneViewState":{"showFog":true,"showMaterialUpdate":true,"showSkybox":true,"showFlares":true,"showImageEffects":true,"showParticleSystems":true},"in2DMode":false,"pivot":{"x":90.66761016845703,"y":2.8507566452026369,"z":-53.709285736083987},"rotation":{"x":0.0036973822861909868,"y":0.9148170351982117,"z":-0.008544850163161755,"w":0.40391984581947329},"size":113.17146301269531,"orthographic":false}